vin,vinay@mail.com,12,12
vinay,vinay@mail.com,123,123
vinay,vinay@mail.com,123,123
vin,vinay@mail.com,12345,12345
vin,vinay@mail.com,12345,12345
vin,vinay@mail.com,12345,12345
vin,vinay@mail.com,12345,12345
vin,vinay@mail.com,12345,12345
vin,vinay@mail.com,12345,12345
vin,vinay@mail.com,12345,12345
vin,vinay@mail.com,12345,12345
vin,vinay@mail.com,12345,12345
vin,vinay@mail.com,12345,12345
vin,vinay@mail.com,12345,12345
vin,vinay@mail.com,12345,12345
vin,vinay@mail.com,12345,12345
vin,vinay@mail.com,12345,12345
vin,vinay@mail.com,12345,12345
vin,vinay@mail.com,12345,12345
vin,vinay@mail.com,12345,12345
vin,vinay@mail.com,12345,12345
vin,vinay@mail.com,12345,12345
vin,vinay@mail.com,12345,12345
vin,vinay@mail.com,12345,12345
vin,vinay@mail.com,12345,12345
vin,vinay@mail.com,12345,12345
vin,vinay@mail.com,12345,12345
vin,vinay@mail.com,12345,12345
vin,vinay@mail.com,12345,12345
vin,vinay@mail.com,12345,12345
vin,vinay@mail.com,12345,12345
vin,vinay@mail.com,12345,12345
vin,vinay@mail.com,12345,12345
1,vinay@mail.com,1,1
1,vinay@mail.com,1,1
1,vinay@mail.com,1,1
1,vinay@mail.com,1,1
1,vinay@mail.com,1,1
1,vinay@mail.com,1,1
1,vinay@mail.com,1,1
1,vinay@mail.com,1,1
1,vinay@mail.com,1,1
1,vinay@mail.com,1,1
1,vinay@mail.com,1,1
1,vinay@mail.com,1,1
1,vinay@mail.com,1,1
1,vinay@mail.com,1,1
1,vinay@mail.com,1,1
1,vinay@mail.com,1,1
1,vinay@mail.com,1,1
1,vinay@mail.com,1,1
1,vinay@mail.com,1,1
1,vinay@mail.com,1,1
1,vinay@mail.com,1,1
1,vinay@mail.com,1,1
1,vinay@mail.com,1,1
11,a@mdmf.com,45,45
11,a@mdmf.com,45,45
11,a@mdmf.com,45,45
11,a@mdmf.com,45,45
11,a@mdmf.com,45,45
11,a@mdmf.com,45,45
11,a@mdmf.com,45,45
11,a@mdmf.com,45,45
11,a@mdmf.com,45,45
11,a@mdmf.com,45,45
11,a@mdmf.com,45,45
11,a@mdmf.com,45,45
11,a@mdmf.com,45,45
11,a@mdmf.com,45,45
11,a@mdmf.com,45,45
11,a@mdmf.com,45,45
11,a@mdmf.com,45,45
11,a@mdmf.com,45,45
11,a@mdmf.com,45,45
12,vinay@mail.com,45,45
12,vinay@mail.com,45,45
12,vinay@mail.com,45,45
12,vinay@mail.com,45,45
12,vinay@mail.com,45,45
12,vinay@mail.com,45,45
12,vinay@mail.com,45,45
vinay,vinay@mail.com,12345,12345
vinay,vinay@mail.com,12345,12345
vinay,vinay@mail.com,12345,12345
vinay,vinay@mail.com,12345,12345
vinay,vinay@mail.com,12345,12345
vi,vinay@mail.com,123,123
