name,email,password
vinay,vinay@mail.com,123
vinay,vinay@mail.com,123
vinay,vinay@mail.com,123
vinay,vinay@mail.com,123
vinay,vinay@mail.com,123
vinay,vinay@mail.com,123
vinay,vinay@mail.com,123
vinay,vinay@mail.com,123
vinay,vinay@mail.com,123
vinay,vinay@mail.com,123
vinay,vinay@mail.com,123
vinay,vinay@mail.com,123
vinay,vinay@mail.com,123
vinay,vinay@mail.com,123
vinay,vinay@mail.com,123
vinay,vinay@mail.com,123
vinay,vinay@mail.com,123
vinay,vinay@mail.com,123
vinay,vinay@mail.com,123
vinay,vinay@mail.com,123
vinay,vinay@mail.com,123
vinay,vinay@mail.com,123
vinay,vinay@mail.com,123
vinay,vinay@mail.com,123
vinay,vinay@mail.com,123
vinay,vinay@mail.com,123
vinay,vinay@mail.com,123
vinay,vinay@mail.com,123
vinay,vinay@mail.com,123
vinay,vinay@mail.com,123
vinay,vinay@mail.com,123
vinay,vinay@mail.com,123
vinay,vinay@mail.com,123
vinay,vinay@mail.com,123
vinay,vinay@mail.com,123
vinay,vinay@mail.com,123
v,vinay@mail.com,123
v,vinay@mail.com,123
v,vinay@mail.com,123
v,vinay@mail.com,123
v,vinay@mail.com,123
v,vinay@mail.com,123
v,vinay@mail.com,123
v,vinay@mail.com,123
v,vinay@mail.com,123
v,vinay@mail.com,123
v,vinay@mail.com,123
v,vinay@mail.com,123
v,vinay@mail.com,123
v,vinay@mail.com,123
v,vinay@mail.com,123
v,vinay@mail.com,123
v,vinay@mail.com,123
v,vinay@mail.com,123
v,vinay@mail.com,123
v,vinay@mail.com,123
v,vinay@mail.com,123
v,vinay@mail.com,123
v,vinay@mail.com,123
v,vinay@mail.com,123
v,vinay@mail.com,123
v,vinay@mail.com,123
v,vinay@mail.com,123
v,vinay@mail.com,123
v,vinay@mail.com,123
v,vinay@mail.com,123
v,vinay@mail.com,123
v,vinay@mail.com,123
v,vinay@mail.com,123
v,vinay@mail.com,123
v,vinay@mail.com,123
v,vinay@mail.com,123
v,vinay@mail.com,123
v,vinay@mail.com,123
v,vinay@mail.com,123
v,vinay@mail.com,123
v,vinay@mail.com,123
v,vinay@mail.com,123
v,vinay@mail.com,123
v,vinay@mail.com,zxc
v,vinay@mail.com,zxc
v,vinay@mail.com,zxc
v,vinay@mail.com,zxc
v,vinay@mail.com,zxc
v,vinay@mail.com,123
v,vinay@mail.com,123
